case_id,case_hash,thread_designation,evidence_classes,accepted_run_ids,target_preload_n,head_member_thickness_mm,nut_member_thickness_mm,member_outer_diameter_mm,member_clearance_hole_diameter_mm,bolt_material_id,nut_material_id,head_member_material_id,nut_member_material_id,thread_friction_coefficient,head_bearing_friction_coefficient,nut_bearing_friction_coefficient,member_interface_friction_coefficient,external_axial_load_n,u_preload,u_head_thickness,u_radial_geometry,configuration_status,rom_admission_status,dataset_partition,primary_evidence_path,primary_run_directory,evidence_record_count
D-BND-001,a5e86e9150fbed8b3b17cd9617c9b78d919124baaa373310fa997f7c9bc72799,M10x1.5,CALIBRATION_ACCEPTED,trm_fem_a5e86e9150fb_cal_02,15000.0,8.0,12.0,30.0,11.0,fastener_steel,fastener_steel,steel_member,steel_member,0.15,0.15,0.15,0.15,0.0,0.0,0.0,0.0,C01_POLICY_AND_CASE_COORDINATES_VERIFIED,NOT_EVALUATED,,simulations/staging/phase3_cp8_production_doe/TRM-PDOE-C01/solver_preparation/trm_fem_a5e86e9150fb/production_doe_accepted_fem_evidence.json,simulations/staging/phase3_cp8_production_doe/TRM-PDOE-C01/solver_preparation/trm_fem_a5e86e9150fb/trm_fem_a5e86e9150fb_cal_02,1
D-BND-002,4ec5fd41259571b82418ef03a7b5891278ff02618939118aa88037b7cb02e630,M10x1.5,CALIBRATION_ACCEPTED,trm_fem_4ec5fd412595_cal_02,15000.0,8.0,12.0,36.0,12.0,fastener_steel,fastener_steel,steel_member,steel_member,0.15,0.15,0.15,0.15,0.0,0.0,0.0,1.0,C01_POLICY_AND_CASE_COORDINATES_VERIFIED,NOT_EVALUATED,,simulations/staging/phase3_cp8_production_doe/TRM-PDOE-C01/solver_preparation/trm_fem_4ec5fd412595/production_doe_accepted_fem_evidence.json,simulations/staging/phase3_cp8_production_doe/TRM-PDOE-C01/solver_preparation/trm_fem_4ec5fd412595/trm_fem_4ec5fd412595_cal_02,1
D-BND-003,132f5f2b979503889a4f5a463a705b1f19699adcf55b5ec6cf0df9db48628b3b,M10x1.5,CALIBRATION_ACCEPTED,trm_fem_132f5f2b9795_cal_02,15000.0,10.0,10.0,36.0,12.0,fastener_steel,fastener_steel,steel_member,steel_member,0.15,0.15,0.15,0.15,0.0,0.0,1.0,1.0,C01_POLICY_AND_CASE_COORDINATES_VERIFIED,NOT_EVALUATED,,simulations/staging/phase3_cp8_production_doe/TRM-PDOE-C01/solver_preparation/trm_fem_132f5f2b9795/production_doe_accepted_fem_evidence.json,simulations/staging/phase3_cp8_production_doe/TRM-PDOE-C01/solver_preparation/trm_fem_132f5f2b9795/trm_fem_132f5f2b9795_cal_02,1
D-BND-004,9d11902c8c53632a573986b9a62c63be9299500a32b43698f353fd55a05f5fdc,M10x1.5,CALIBRATION_ACCEPTED,trm_fem_9d11902c8c53_cal_02,20000.0,8.0,12.0,36.0,12.0,fastener_steel,fastener_steel,steel_member,steel_member,0.15,0.15,0.15,0.15,0.0,1.0,0.0,1.0,C01_POLICY_AND_CASE_COORDINATES_VERIFIED,NOT_EVALUATED,,simulations/staging/phase3_cp8_production_doe/TRM-PDOE-C01/solver_preparation/trm_fem_9d11902c8c53/production_doe_accepted_fem_evidence.json,simulations/staging/phase3_cp8_production_doe/TRM-PDOE-C01/solver_preparation/trm_fem_9d11902c8c53/trm_fem_9d11902c8c53_cal_02,1
D-INT-001,762a30bed2663dec4a47fea35978689529bea79adc21315e92d56092114269a0,M10x1.5,CALIBRATION_ACCEPTED,trm_fem_762a30bed266_cal_01_wsv21_rv2,19479.11914492541,9.535522261558732,10.464477738441268,35.722433197962495,11.953738866327082,fastener_steel,fastener_steel,steel_member,steel_member,0.15,0.15,0.15,0.15,0.0,0.8958238289850826,0.7677611307793665,0.9537388663270822,C01_POLICY_AND_CASE_COORDINATES_VERIFIED,NOT_EVALUATED,,simulations/staging/phase3_cp8_production_doe/TRM-PDOE-C01/solver_preparation/trm_fem_762a30bed266/production_doe_accepted_fem_evidence.json,simulations/staging/phase3_cp8_production_doe/TRM-PDOE-C01/solver_preparation/trm_fem_762a30bed266/trm_fem_762a30bed266_cal_01_wsv21_rv2,1
D-INT-002,cd79bd4336c0c7d17a914190cd07eec85c9090daa6770cbb62afd480a076aaaa,M10x1.5,CALIBRATION_ACCEPTED,trm_fem_cd79bd4336c0_cal_02,15299.75706418507,9.336290916252501,10.663709083747499,30.84710928892386,11.14118488148731,fastener_steel,fastener_steel,steel_member,steel_member,0.15,0.15,0.15,0.15,0.0,0.05995141283701415,0.6681454581262507,0.14118488148730987,C01_POLICY_AND_CASE_COORDINATES_VERIFIED,NOT_EVALUATED,,simulations/staging/phase3_cp8_production_doe/TRM-PDOE-C01/solver_preparation/trm_fem_cd79bd4336c0/production_doe_accepted_fem_evidence.json,simulations/staging/phase3_cp8_production_doe/TRM-PDOE-C01/solver_preparation/trm_fem_cd79bd4336c0/trm_fem_cd79bd4336c0_cal_02,1
D-INT-003,226154f7ef4edd150b25250986538fab4ac24e7ed274c4a50923c95c19839642,M10x1.5,CALIBRATION_ACCEPTED,trm_fem_226154f7ef4e_cal_01_wsv21_rv2,17734.19812887757,8.20792609577422,11.79207390422578,33.08966226545118,11.51494371090853,fastener_steel,fastener_steel,steel_member,steel_member,0.15,0.15,0.15,0.15,0.0,0.5468396257755145,0.10396304788710961,0.5149437109085306,C01_POLICY_AND_CASE_COORDINATES_VERIFIED,NOT_EVALUATED,,simulations/staging/phase3_cp8_production_doe/TRM-PDOE-C01/solver_preparation/trm_fem_226154f7ef4e/production_doe_accepted_fem_evidence.json,simulations/staging/phase3_cp8_production_doe/TRM-PDOE-C01/solver_preparation/trm_fem_226154f7ef4e/trm_fem_226154f7ef4e_cal_01_wsv21_rv2,1
D-INT-004,d0bfb12d44c25f6b7a1adf2a9c4f14615a125fe6e95c90fdeda06b59eab86faa,M10x1.5,CALIBRATION_ACCEPTED,trm_fem_d0bfb12d44c2_cal_02,16482.080219476527,9.990951568276326,10.009048431723674,30.546487084220356,11.091081180703393,fastener_steel,fastener_steel,steel_member,steel_member,0.15,0.15,0.15,0.15,0.0,0.2964160438953053,0.9954757841381628,0.09108118070339287,C01_POLICY_AND_CASE_COORDINATES_VERIFIED,NOT_EVALUATED,,simulations/staging/phase3_cp8_production_doe/TRM-PDOE-C01/solver_preparation/trm_fem_d0bfb12d44c2/production_doe_accepted_fem_evidence.json,simulations/staging/phase3_cp8_production_doe/TRM-PDOE-C01/solver_preparation/trm_fem_d0bfb12d44c2/trm_fem_d0bfb12d44c2_cal_02,1
D-INT-005,4e77db0d0c1211f6f1d7eb9ef6bb604c2aa1bce41f4ad8e448480ae047617994,M10x1.5,CALIBRATION_ACCEPTED,trm_fem_4e77db0d0c12_cal_01_wsv21_rv2,16216.563610065585,9.784176625560347,10.215823374439653,34.96692434458901,11.827820724098169,fastener_steel,fastener_steel,steel_member,steel_member,0.15,0.15,0.15,0.15,0.0,0.243312722013117,0.8920883127801735,0.8278207240981684,C01_POLICY_AND_CASE_COORDINATES_VERIFIED,NOT_EVALUATED,,simulations/staging/phase3_cp8_production_doe/TRM-PDOE-C01/solver_preparation/trm_fem_4e77db0d0c12/production_doe_accepted_fem_evidence.json,simulations/staging/phase3_cp8_production_doe/TRM-PDOE-C01/solver_preparation/trm_fem_4e77db0d0c12/trm_fem_4e77db0d0c12_cal_01_wsv21_rv2,1
D-INT-006,6c0eb1807bb0e3c3f59ef39314d6b6b68fca739f345eee9b686fa5b182d7d966,M10x1.5,CALIBRATION_ACCEPTED,trm_fem_6c0eb1807bb0_cal_02,15533.416638981967,9.468590125676517,10.531409874323483,32.739045053089626,11.45650750884827,fastener_steel,fastener_steel,steel_member,steel_member,0.15,0.15,0.15,0.15,0.0,0.10668332779639358,0.7342950628382584,0.45650750884827107,C01_POLICY_AND_CASE_COORDINATES_VERIFIED,NOT_EVALUATED,,simulations/staging/phase3_cp8_production_doe/TRM-PDOE-C01/solver_preparation/trm_fem_6c0eb1807bb0/production_doe_accepted_fem_evidence.json,simulations/staging/phase3_cp8_production_doe/TRM-PDOE-C01/solver_preparation/trm_fem_6c0eb1807bb0/trm_fem_6c0eb1807bb0_cal_02,1
D-INT-007,4766e95d0d13506af04271e28edc2b5df2f8718edcb2edf1b097ca79f373916d,M10x1.5,CALIBRATION_ACCEPTED,trm_fem_4766e95d0d13_cal_02,19369.2946950211,8.383012502652148,11.616987497347852,32.128167801014975,11.354694633502495,fastener_steel,fastener_steel,steel_member,steel_member,0.15,0.15,0.15,0.15,0.0,0.8738589390042204,0.1915062513260739,0.35469463350249586,C01_POLICY_AND_CASE_COORDINATES_VERIFIED,NOT_EVALUATED,,simulations/staging/phase3_cp8_production_doe/TRM-PDOE-C01/solver_preparation/trm_fem_4766e95d0d13/production_doe_accepted_fem_evidence.json,simulations/staging/phase3_cp8_production_doe/TRM-PDOE-C01/solver_preparation/trm_fem_4766e95d0d13/trm_fem_4766e95d0d13_cal_02,1
D-INT-008,1faafccbbc3b9eb2068af0f45c8d91951a29d85917c60871d82535d2ca857315,M10x1.5,CALIBRATION_ACCEPTED,trm_fem_1faafccbbc3b_cal_01_wsv21,16693.44363468897,8.92374500562429,11.07625499437571,32.323610447198256,11.387268407866376,fastener_steel,fastener_steel,steel_member,steel_member,0.15,0.15,0.15,0.15,0.0,0.338688726937794,0.46187250281214554,0.387268407866376,C01_POLICY_AND_CASE_COORDINATES_VERIFIED,NOT_EVALUATED,,simulations/staging/phase3_cp8_production_doe/TRM-PDOE-C01/solver_preparation/trm_fem_1faafccbbc3b/production_doe_accepted_fem_evidence.json,simulations/staging/phase3_cp8_production_doe/TRM-PDOE-C01/solver_preparation/trm_fem_1faafccbbc3b/trm_fem_1faafccbbc3b_cal_01_wsv21,1
D-INT-009,37ea3dfbef25a86ed76232879f319ff41cc69a82d0dc46985d1dea90ebb500f7,M10x1.5,CALIBRATION_ACCEPTED,trm_fem_37ea3dfbef25_cal_01_wsv21_rv2,18348.491629845226,8.852899676435836,11.147100323564164,35.382866320336014,11.897144386722669,fastener_steel,fastener_steel,steel_member,steel_member,0.15,0.15,0.15,0.15,0.0,0.6696983259690454,0.4264498382179185,0.8971443867226693,C01_POLICY_AND_CASE_COORDINATES_VERIFIED,NOT_EVALUATED,,simulations/staging/phase3_cp8_production_doe/TRM-PDOE-C01/solver_preparation/trm_fem_37ea3dfbef25/production_doe_accepted_fem_evidence.json,simulations/staging/phase3_cp8_production_doe/TRM-PDOE-C01/solver_preparation/trm_fem_37ea3dfbef25/trm_fem_37ea3dfbef25_cal_01_wsv21_rv2,1
D-INT-010,dded29952881183e95ca96e8bd35201644461dfcaf272b94a4df7f4e781c6ba4,M10x1.5,CALIBRATION_ACCEPTED,trm_fem_dded29952881_cal_02,16942.12954710813,9.003206566770443,10.996793433229557,34.5152449024074,11.7525408170679,fastener_steel,fastener_steel,steel_member,steel_member,0.15,0.15,0.15,0.15,0.0,0.3884259094216256,0.5016032833852213,0.7525408170679,C01_POLICY_AND_CASE_COORDINATES_VERIFIED,NOT_EVALUATED,,simulations/staging/phase3_cp8_production_doe/TRM-PDOE-C01/solver_preparation/trm_fem_dded29952881/production_doe_accepted_fem_evidence.json,simulations/staging/phase3_cp8_production_doe/TRM-PDOE-C01/solver_preparation/trm_fem_dded29952881/trm_fem_dded29952881_cal_02,1
D-INT-011,06046fe91597028e6aa098c1e3d22f8f94e1b50d16b573f89399b8b7a046d396,M10x1.5,CALIBRATION_ACCEPTED,trm_fem_06046fe91597_cal_02,18904.567073262064,8.595671446005145,11.404328553994855,30.07418775416944,11.012364625694907,fastener_steel,fastener_steel,steel_member,steel_member,0.15,0.15,0.15,0.15,0.0,0.7809134146524126,0.2978357230025728,0.012364625694906699,C01_POLICY_AND_CASE_COORDINATES_VERIFIED,NOT_EVALUATED,,simulations/staging/phase3_cp8_production_doe/TRM-PDOE-C01/solver_preparation/trm_fem_06046fe91597/production_doe_accepted_fem_evidence.json,simulations/staging/phase3_cp8_production_doe/TRM-PDOE-C01/solver_preparation/trm_fem_06046fe91597/trm_fem_06046fe91597_cal_02,1
D-INT-012,d667bb1aca2720b10e8a80dbcfba700b042b45a20289927feb5e97a33f3b244c,M10x1.5,13_HARD_GATES_CERTIFIED,trm_fem_d667bb1aca27_cal_02,19960.73713606551,9.731376670271587,10.268623329728413,34.278052485882384,11.713008747647065,fastener_steel,fastener_steel,steel_member,steel_member,0.15,0.15,0.15,0.15,0.0,0.9921474272131019,0.8656883351357931,0.7130087476470638,C01_POLICY_AND_CASE_COORDINATES_VERIFIED,NOT_EVALUATED,,simulations/staging/phase3_cp8_production_doe/TRM-PDOE-C01/solver_preparation/trm_fem_d667bb1aca27/trm_fem_d667bb1aca27_cal_02/independent_governed_physics_certificate.json,simulations/staging/phase3_cp8_production_doe/TRM-PDOE-C01/solver_preparation/trm_fem_d667bb1aca27/trm_fem_d667bb1aca27_cal_02,1
D-INT-013,0390537674178f7761b27927ff5b1cb34a04c8617fcd34544dd03339b079f175,M10x1.5,13_HARD_GATES_CERTIFIED,trm_fem_039053767417_cal_01_wsv21_rfobs1,17257.882074838137,8.334796056533978,11.665203943466022,31.639379368702773,11.273229894783796,fastener_steel,fastener_steel,steel_member,steel_member,0.15,0.15,0.15,0.15,0.0,0.4515764149676274,0.16739802826698907,0.2732298947837953,C01_POLICY_AND_CASE_COORDINATES_VERIFIED,NOT_EVALUATED,,simulations/staging/phase3_cp8_production_doe/TRM-PDOE-C01/solver_preparation/trm_fem_039053767417/trm_fem_039053767417_cal_01_wsv21_rfobs1/independent_governed_physics_certificate.json,simulations/staging/phase3_cp8_production_doe/TRM-PDOE-C01/solver_preparation/trm_fem_039053767417/trm_fem_039053767417_cal_01_wsv21_rfobs1,1
D-INT-014,941ce23d715ccb2243dfbcda088c86d64877ea8a0da5cd295256f704f79e87f7,M10x1.5,13_HARD_GATES_CERTIFIED,trm_fem_941ce23d715c_cal_01_wsv21_rfobs1,15747.501859052265,8.039504170940509,11.960495829059491,31.359106591996948,11.226517765332824,fastener_steel,fastener_steel,steel_member,steel_member,0.15,0.15,0.15,0.15,0.0,0.14950037181045286,0.019752085470254067,0.22651776533282447,C01_POLICY_AND_CASE_COORDINATES_VERIFIED,NOT_EVALUATED,,simulations/staging/phase3_cp8_production_doe/TRM-PDOE-C01/solver_preparation/trm_fem_941ce23d715c/trm_fem_941ce23d715c_cal_01_wsv21_rfobs1/independent_governed_physics_certificate.json,simulations/staging/phase3_cp8_production_doe/TRM-PDOE-C01/solver_preparation/trm_fem_941ce23d715c/trm_fem_941ce23d715c_cal_01_wsv21_rfobs1,1
D-INT-015,34fffb87e0f7128da9bd5d642859037079999bccb2bcf0f336b3e179f8fb8ce0,M10x1.5,13_HARD_GATES_CERTIFIED,trm_fem_34fffb87e0f7_cal_01_wsv21_rfobs1,18631.55516869659,8.689663287572511,11.310336712427489,34.010986792637134,11.668497798772856,fastener_steel,fastener_steel,steel_member,steel_member,0.15,0.15,0.15,0.15,0.0,0.7263110337393176,0.34483164378625514,0.6684977987728554,C01_POLICY_AND_CASE_COORDINATES_VERIFIED,NOT_EVALUATED,,simulations/staging/phase3_cp8_production_doe/TRM-PDOE-C01/solver_preparation/trm_fem_34fffb87e0f7/trm_fem_34fffb87e0f7_cal_01_wsv21_rfobs1/independent_governed_physics_certificate.json,simulations/staging/phase3_cp8_production_doe/TRM-PDOE-C01/solver_preparation/trm_fem_34fffb87e0f7/trm_fem_34fffb87e0f7_cal_01_wsv21_rfobs1,1
D-INT-016,c74956ffff17fe376f5ebe7e48b91eb5661c914cbd327a03a62f8d40a1cc4e27,M10x1.5,13_HARD_GATES_CERTIFIED,trm_fem_c74956ffff17_cal_01_wsv21_rfobs1,17830.68237919928,9.21733584601063,10.78266415398937,33.58764647541369,11.597941079235616,fastener_steel,fastener_steel,steel_member,steel_member,0.15,0.15,0.15,0.15,0.0,0.5661364758398558,0.6086679230053152,0.5979410792356152,C01_POLICY_AND_CASE_COORDINATES_VERIFIED,NOT_EVALUATED,,simulations/staging/phase3_cp8_production_doe/TRM-PDOE-C01/solver_preparation/trm_fem_c74956ffff17/trm_fem_c74956ffff17_cal_01_wsv21_rfobs1/independent_governed_physics_certificate.json,simulations/staging/phase3_cp8_production_doe/TRM-PDOE-C01/solver_preparation/trm_fem_c74956ffff17/trm_fem_c74956ffff17_cal_01_wsv21_rfobs1,1
TRM-XFEM-M12-001,c2386623c11def2e3dc447c885c1408408a2d136c04a5a5e53b1958de062f5da,M12x1.75,CROSS_SIZE_PHYSICS_CERTIFIED,trm_fem_4606556202c1_cal_02,29062.639806666983,12.0,12.0,36.0,13.2,fastener_steel,fastener_steel,steel_member,steel_member,0.15,0.15,0.15,0.15,0.0,,,,CROSS_SIZE_CANONICAL_CASE_HASH_VERIFIED,NOT_EVALUATED,,simulations/staging/phase3_cp11_cross_size_fem_campaign/physics_certification/TRM-XFEM-M12-001/cross_size_fem_physics_certificate.json,,1
TRM-XFEM-M8-001,e1628981295e3fc47ecf623e5743362c8e048c01c7cb7a5def44a75a40b9e27c,M8x1.25,CROSS_SIZE_PHYSICS_CERTIFIED,trm_fem_771a201b2752_cal_02,12625.90024059998,8.0,8.0,24.0,8.8,fastener_steel,fastener_steel,steel_member,steel_member,0.15,0.15,0.15,0.15,0.0,,,,CROSS_SIZE_CANONICAL_CASE_HASH_VERIFIED,NOT_EVALUATED,,simulations/staging/phase3_cp11_cross_size_fem_campaign/physics_certification/TRM-XFEM-M8-001/cross_size_fem_physics_certificate.json,,1
